Domain,Status,Attractiveness,Demand,Length,Sectors,Created,Expires,Registrar
one.photo,resell,132,43%,3,"Business,General,Media,Technology",26/10/2018 04:30,26/10/2025 04:30,Porkbun
brief.photo,available,124,19%,5,"Business,Education,General,Law",,,
complete.photo,available,120,21%,8,"Manufacturing,Retail,Technology",,,
second.photo,available,120,23%,6,"General,Mathematics",,,
wizard.photo,available,118,42%,6,"Entertainment,Media,Technology",,,
tenth.photo,available,116,7%,5,Mathematics,,,
equal.photo,available,116,19%,5,"Education,General,Law",,,
flat.photo,available,116,23%,4,"Construction,Real Estate",,,
tonic.photo,available,114,22%,5,"Health and Fitness,Medicine,Science",,,
above.photo,available,112,22%,5,Business,,,
abiding.photo,available,106,5%,7,"General,Religion",,,
active.photo,available,104,27%,6,"Health and Fitness,Sports,Travel",,,
expert.photo,available,104,26%,6,"Business,Education,Technology",,,
teen.photo,available,104,14%,4,"Education,Entertainment,Healthcare",,,
absent.photo,available,102,8%,6,"Business,Education,Technology",,,
captive.photo,available,102,14%,7,"Entertainment,Hospitality,Technology",,,
extra.photo,available,102,26%,5,"Fashion,Retail,Technology",,,
eight.photo,available,102,23%,5,"General,Mathematics",,,
eighth.photo,available,100,6%,6,Mathematics,,,
crack.photo,available,100,20%,5,Sports,,,
whiz.photo,available,100,12%,4,"Business,Education,Technology",,,
sixth.photo,available,100,8%,5,Mathematics,,,
abrupt.photo,available,100,3%,6,"Medicine,Science",,,
ninth.photo,available,100,9%,5,Mathematics,,,
third.photo,available,100,15%,5,Mathematics,,,
adjunct.photo,available,100,5%,7,Education,,,
whizz.photo,available,98,11%,5,"Business,Education,Technology",,,
doable.photo,available,96,9%,6,"Business,Education,Technology",,,
alamode.photo,available,96,12%,9,Fashion,,,
academic.photo,available,96,20%,8,"Education,Humanities,Science",,,
actual.photo,available,96,22%,6,"Real Estate,Retail,Technology",,,
forgiving.photo,available,96,3%,9,"Healthcare,Religion",,,
virtuoso.photo,available,94,16%,8,"Arts,Entertainment",,,
abject.photo,available,94,7%,6,Humanities,,,
adequate.photo,available,94,9%,8,"Education,Healthcare,Technology",,,
adept.photo,available,92,24%,5,"Education,Health and Fitness,Sports",,,
adjective.photo,available,92,5%,9,Education,,,
twentieth.photo,available,92,3%,9,Mathematics,,,
exemplary.photo,available,92,5%,9,"Business,Education,Healthcare",,,
neutral.photo,available,92,20%,7,"Business,Media,Politics",,,
abroad.photo,available,92,12%,6,"Hospitality,Travel",,,
derelict.photo,available,92,7%,8,"Construction,Real Estate",,,
nought.photo,available,92,4%,6,Mathematics,,,
addictive.photo,available,90,9%,9,Healthcare,,,
adoring.photo,available,90,2%,7,"Entertainment,Fashion,Retail",,,
riveting.photo,available,90,6%,8,"Entertainment,Media,Technology",,,
leash.photo,available,90,7%,5,"General,Health and Fitness,Retail",,,
abortive.photo,available,90,1%,8,"Medicine,Science",,,
endearing.photo,available,90,1%,9,"Entertainment,Fashion,Retail",,,
additional.photo,available,90,8%,10,"Fashion,Retail,Technology",,,
gripping.photo,available,90,3%,8,"Entertainment,Media,Technology",,,
ten.photo,available,88,27%,3,"General,Mathematics",,,
adlib.photo,available,88,7%,6,Entertainment,,,
activist.photo,available,88,12%,8,"Humanities,Politics",,,
actionable.photo,available,88,13%,10,"Business,Law",,,
wide.photo,available,88,18%,4,"Business,Media,Technology",,,
eleven.photo,available,88,32%,6,Mathematics,,,
proficient.photo,available,88,8%,10,"Education,Health and Fitness,Sports",,,
three.photo,available,88,23%,5,Mathematics,,,
hundred.photo,available,88,13%,7,Mathematics,,,
sixteen.photo,available,88,10%,7,Mathematics,,,
twelve.photo,available,88,18%,6,"General,Mathematics",,,
engrossing.photo,available,86,0%,10,"Entertainment,Media,Technology",,,
aboriginal.photo,available,86,10%,10,Humanities,,,
recondite.photo,available,86,4%,9,"Arts,Humanities,Science",,,
attendant.photo,available,86,5%,9,"Healthcare,Hospitality,Transportation",,,
xiv.photo,available,86,12%,3,Mathematics,,,
adolescent.photo,available,86,3%,10,"Education,Entertainment,Healthcare",,,
extempore.photo,available,86,3%,9,Entertainment,,,
xix.photo,available,86,10%,3,Mathematics,,,
cipher.photo,available,86,29%,6,Mathematics,,,
adjustable.photo,available,84,3%,10,"Manufacturing,Retail,Technology",,,
twentyone.photo,available,84,13%,10,Mathematics,,,
thousand.photo,available,84,8%,8,Mathematics,,,
seventeen.photo,available,84,7%,9,Mathematics,,,
deviate.photo,available,84,12%,7,"Medicine,Science",,,
twentytwo.photo,available,84,10%,10,Mathematics,,,
thirteen.photo,available,84,10%,8,Mathematics,,,
grand.photo,available,84,25%,5,"Finance,General",,,
fourteen.photo,available,84,8%,8,Mathematics,,,
nineteen.photo,available,84,8%,8,Mathematics,,,
accessory.photo,available,84,8%,9,"Fashion,Retail,Technology",,,
sharp.photo,available,84,34%,5,"Arts,Fashion",,,
impromptu.photo,available,82,16%,9,Entertainment,,,
fivesome.photo,available,82,1%,8,Sports,,,
good.photo,available,82,47%,4,"Food and Beverage,General,Health and Fitness,Retail",,,
enduring.photo,available,82,9%,8,"Health and Fitness,Religion",,,
cleansing.photo,available,82,3%,9,Health and Fitness,,,
decade.photo,available,82,10%,6,Mathematics,,,
absorbent.photo,available,82,3%,9,"Healthcare,Manufacturing,Retail",,,
altered.photo,available,82,9%,7,"Medicine,Science",,,
abkhaz.photo,available,82,1%,6,Geography,,,
dozen.photo,available,82,10%,5,Mathematics,,,
abroach.photo,available,82,1%,7,Food and Beverage,,,
abdominal.photo,available,82,1%,9,"Health and Fitness,Medicine",,,
abenaki.photo,available,82,2%,7,Geography,,,
dorsal.photo,available,80,6%,6,"Medicine,Science",,,
superstar.photo,available,80,18%,9,Entertainment,,,
able.photo,available,80,29%,4,"Business,Education,General,Technology",,,
absurd.photo,available,80,16%,6,"Arts,Entertainment,Media",,,
absorbable.photo,available,80,0%,10,"Healthcare,Pharmaceuticals,Science",,,
forty.photo,available,80,9%,5,Mathematics,,,
trio.photo,available,80,21%,4,Entertainment,,,
wiz.photo,available,80,30%,3,"Business,Education,Technology",,,
seventh.photo,available,80,10%,7,Mathematics,,,
abundant.photo,available,80,19%,8,"Agriculture,Manufacturing,Retail",,,
twenty.photo,available,80,12%,6,Mathematics,,,
worshipful.photo,available,80,1%,10,"Education,Healthcare,Religion",,,
adoptable.photo,available,80,3%,9,"Education,Healthcare",,,
two.photo,available,80,23%,3,Mathematics,,,
absolute.photo,available,80,25%,8,"Engineering,Mathematics,Science",,,
capable.photo,available,80,12%,7,"Business,Education,Technology",,,
first.photo,available,80,34%,5,"General,Mathematics",,,
sequent.photo,available,80,7%,7,"Healthcare,Insurance,Transportation",,,
yard.photo,available,80,25%,4,"Construction,General",,,
some.photo,available,80,32%,4,"Business,Media,Retail",,,
accessible.photo,available,78,21%,10,"Healthcare,Retail,Technology",,,
accidental.photo,available,78,11%,10,"Healthcare,Insurance,Transportation",,,
accepted.photo,available,78,6%,8,"Business,Education,Technology",,,
twentysix.photo,available,78,8%,10,Mathematics,,,
dormant.photo,available,78,4%,7,"Medicine,Science",,,
sixtynine.photo,available,78,8%,10,Mathematics,,,
recognised.photo,available,78,3%,10,"Business,Education,Technology",,,
abkhasian.photo,available,78,1%,9,Geography,,,
recognized.photo,available,78,3%,10,"Business,Education,Technology",,,
abkhazian.photo,available,78,1%,9,Geography,,,
athletic.photo,available,78,15%,8,"Health and Fitness,Sports",,,
low.photo,available,78,20%,3,"Business,Finance",,,
acceptable.photo,available,78,5%,10,"Business,Hospitality,Retail",,,
abounding.photo,available,78,2%,9,Agriculture,,,
adjacent.photo,available,78,9%,8,"Construction,Real Estate,Retail",,,
adrenal.photo,available,78,4%,7,"Education,Healthcare,Science",,,
honestly.photo,available,78,9%,8,"Business,Law",,,
acceptant.photo,available,78,1%,9,"Education,Healthcare",,,
adorable.photo,available,78,8%,8,"Entertainment,Fashion,Retail",,,
absorptive.photo,available,78,1%,10,"Healthcare,Manufacturing,Retail",,,
accurate.photo,available,78,16%,8,"Engineering,Mathematics,Science",,,
fifteenth.photo,available,76,2%,9,Mathematics,,,
ventral.photo,available,76,3%,7,Science,,,
resultant.photo,available,76,2%,9,"Healthcare,Insurance,Transportation",,,
adhesive.photo,available,76,7%,8,"Construction,Manufacturing,Technology",,,
acoustic.photo,available,76,14%,8,Science,,,
ancillary.photo,available,76,6%,9,"Healthcare,Manufacturing,Technology",,,
thirteenth.photo,available,76,3%,10,Mathematics,,,
obscene.photo,available,76,5%,7,"Entertainment,Media",,,
adaptable.photo,available,76,9%,9,"Business,Education,Technology",,,
ague.photo,available,76,2%,4,"Geography,Medicine,Science",,,
addable.photo,available,76,2%,7,"Engineering,Mathematics,Science",,,
improvise.photo,available,76,4%,9,Entertainment,,,
threed.photo,available,76,7%,7,Technology,,,
hundredth.photo,available,76,1%,9,Mathematics,,,
auxiliary.photo,available,76,7%,9,"Healthcare,Manufacturing,Technology",,,
nineteenth.photo,available,76,3%,10,Mathematics,,,
fourteenth.photo,available,76,2%,10,Mathematics,,,
firstrate.photo,available,76,6%,10,Business,,,
adipose.photo,available,76,2%,7,"Healthcare,Science",,,
eighteen.photo,available,76,7%,8,Mathematics,,,
adherent.photo,available,76,4%,8,"Politics,Religion",,,
incidental.photo,available,76,4%,10,"Healthcare,Insurance,Transportation",,,
adaptive.photo,expired,76,28%,8,"Business,Education,Technology",14/08/2024 11:26,14/08/2025 11:26,"NameSilo, LLC"
abrasive.photo,available,76,6%,8,"Construction,Manufacturing",,,
energizing.photo,available,76,3%,10,"Food and Beverage,Health and Fitness,Travel",,,
thousandth.photo,available,76,1%,10,Mathematics,,,
playing.photo,available,74,12%,7,Entertainment,,,
admirable.photo,available,74,5%,9,"Business,Education,Healthcare",,,
acuate.photo,available,74,2%,6,"Engineering,Medicine,Science",,,
accepting.photo,available,74,3%,9,"Education,Healthcare",,,
activated.photo,available,74,9%,9,"Healthcare,Manufacturing,Technology",,,
adapted.photo,available,74,6%,7,"Healthcare,Manufacturing,Technology",,,
adamant.photo,available,74,14%,7,Religion,,,
realizable.photo,available,74,1%,10,"Business,Education,Technology",,,
single.photo,available,74,19%,6,Sports,,,
adenoid.photo,available,74,1%,7,"Health and Fitness,Medicine,Science",,,
skilful.photo,available,74,3%,7,"Education,Health and Fitness,Sports",,,
sensation.photo,available,74,7%,9,"Entertainment,Media,Sports",,,
manageable.photo,available,74,4%,10,"Business,Education,Technology",,,
adrenergic.photo,available,74,1%,10,"Education,Healthcare,Science",,,
mavin.photo,available,74,7%,5,"Entertainment,Fashion,Technology",,,
cleared.photo,available,74,7%,7,"Healthcare,Law,Transportation",,,
supra.photo,available,74,25%,5,"Medicine,Science",,,
broad.photo,available,74,13%,5,"Entertainment,General,Media",,,
achievable.photo,available,74,4%,10,"Business,Education,Technology",,,
aberrant.photo,available,74,6%,8,"Medicine,Science",,,
ninetieth.photo,available,72,1%,9,Mathematics,,,
adjunctive.photo,available,72,1%,10,"Healthcare,Manufacturing,Technology",,,
accustomed.photo,available,72,1%,10,"Business,Education,Humanities",,,
adonic.photo,available,72,2%,6,"Arts,Education,Entertainment",,,
absolutist.photo,available,72,1%,10,"Humanities,Law,Politics",,,
liv.photo,available,72,28%,3,Mathematics,,,
lovely.photo,available,72,26%,6,"Entertainment,Fashion,Retail",,,
engrossed.photo,available,72,1%,9,"Entertainment,Media,Technology",,,
accusative.photo,available,72,0%,10,"Humanities,Law",,,
deep.photo,available,72,41%,4,"Engineering,Mathematics,Science",,,
ternary.photo,available,72,7%,7,Mathematics,,,
addicted.photo,available,72,9%,8,Healthcare,,,
champion.photo,available,72,28%,8,"Entertainment,Health and Fitness,Sports",,,
adjectival.photo,available,72,1%,10,Education,,,
improvize.photo,available,72,1%,9,Entertainment,,,
existent.photo,available,72,3%,8,"Mathematics,Science",,,
abloom.photo,available,72,5%,6,Agriculture,,,
aching.photo,available,72,4%,6,Healthcare,,,
trey.photo,available,72,13%,4,Sports,,,
ablaze.photo,available,72,6%,6,Entertainment,,,
trinity.photo,available,72,18%,7,Religion,,,
abreast.photo,available,72,2%,7,"Business,Technology",,,
eightieth.photo,available,72,1%,9,Mathematics,,,
adaptative.photo,available,72,1%,10,"Business,Education,Technology",,,
absorbed.photo,available,72,2%,8,"Entertainment,Media,Technology",,,
sixtieth.photo,available,72,1%,8,Mathematics,,,
adiabatic.photo,available,72,3%,9,"Engineering,Science",,,
seventieth.photo,available,72,1%,10,Mathematics,,,
lowdown.photo,available,70,6%,8,"Entertainment,Media",,,
adamantine.photo,available,70,4%,10,Religion,,,
recumbent.photo,available,70,2%,9,"Healthcare,Medicine,Science",,,
tiptop.photo,available,70,24%,6,Fashion,,,
absorbing.photo,available,70,3%,9,"Entertainment,Media,Technology",,,
accumbent.photo,available,70,1%,9,"Healthcare,Medicine,Science",,,
admired.photo,available,70,5%,7,"Business,Education,Healthcare",,,
adjusted.photo,available,70,5%,8,"Manufacturing,Retail,Technology",,,
abradant.photo,available,70,1%,8,"Construction,Manufacturing",,,
adored.photo,available,70,6%,6,"Entertainment,Fashion,Retail",,,
offhand.photo,available,70,2%,7,Entertainment,,,
stillborn.photo,available,70,2%,9,"Medicine,Science",,,
gymnastic.photo,available,70,3%,9,"Entertainment,Sports",,,
practiced.photo,available,70,3%,9,"Education,Health and Fitness,Sports",,,
acuminate.photo,available,70,1%,9,"Engineering,Medicine,Science",,,
miserable.photo,available,70,4%,9,Humanities,,,
skillful.photo,available,70,9%,8,"Education,Health and Fitness,Sports",,,
consequent.photo,available,70,3%,10,"Business,Education,General,Technology",,,
abulic.photo,available,70,1%,6,Medicine,,,
ablative.photo,available,68,3%,8,Science,,,
decorated.photo,available,68,3%,9,"Entertainment,Fashion,Retail",,,
acerate.photo,available,68,1%,7,Science,,,
vindicated.photo,available,68,2%,10,"Humanities,Law,Politics",,,
licensed.photo,available,68,5%,8,"Business,Healthcare,Insurance",,,
abkhas.photo,available,68,0%,6,Geography,,,
aroused.photo,available,68,3%,7,"Entertainment,Health and Fitness",,,
fortieth.photo,available,68,1%,8,Mathematics,,,
foursome.photo,available,68,4%,8,Sports,,,
aculeate.photo,available,68,1%,8,"Engineering,Medicine,Science",,,
disciple.photo,available,68,14%,8,"Education,Religion",,,
octonary.photo,available,68,1%,8,Mathematics,,,
scurvy.photo,available,68,3%,6,Humanities,,,
septenary.photo,available,68,2%,9,Mathematics,,,
ane.photo,available,68,12%,3,Mathematics,,,
achaian.photo,available,68,2%,7,Humanities,,,
accredited.photo,available,68,9%,10,"Business,Education,Healthcare",,,
activating.photo,available,68,3%,10,"Healthcare,Manufacturing,Technology",,,
achaean.photo,available,68,2%,7,Humanities,,,
fiftieth.photo,available,68,1%,8,Mathematics,,,
sevener.photo,available,68,1%,7,Mathematics,,,
thirtieth.photo,available,68,1%,9,Mathematics,,,
abnaki.photo,available,68,1%,6,Geography,,,
aberdonian.photo,available,68,1%,10,Geography,,,
stygian.photo,available,68,5%,7,Humanities,,,
overseas.photo,available,68,12%,8,"Hospitality,Travel",,,
threesome.photo,available,68,5%,9,Entertainment,,,
ennead.photo,available,68,5%,6,Mathematics,,,
abducent.photo,available,68,0%,8,Medicine,,,
licenced.photo,available,68,2%,8,"Business,Healthcare,Insurance",,,
eighty.photo,available,66,6%,6,Mathematics,,,
maven.photo,available,66,30%,5,"Entertainment,Fashion,Technology",,,
xvii.photo,available,66,5%,4,Mathematics,,,
buzzing.photo,available,66,7%,7,"Entertainment,Media,Technology",,,
xiii.photo,available,66,9%,4,Mathematics,,,
onec.photo,available,66,6%,5,Mathematics,,,
ninety.photo,available,66,11%,6,Mathematics,,,
deuce.photo,available,66,8%,5,Sports,,,
performing.photo,available,66,6%,10,Entertainment,,,
clv.photo,available,66,10%,3,Mathematics,,,
sextet.photo,available,66,2%,6,Entertainment,,,
five.photo,available,66,26%,4,Mathematics,,,
xxvi.photo,available,66,3%,4,Mathematics,,,
accessary.photo,available,66,1%,9,"Business,Law,Technology",,,
xii.photo,available,66,10%,3,Mathematics,,,
tenner.photo,available,66,4%,6,Finance,,,
modish.photo,available,66,5%,6,Fashion,,,
abstinent.photo,available,66,1%,9,"Health and Fitness,Religion",,,
six.photo,available,66,26%,3,Mathematics,,,
xxi.photo,available,66,10%,3,Mathematics,,,
acrobatic.photo,available,66,4%,9,"Entertainment,Sports",,,
xxii.photo,available,66,6%,4,Mathematics,,,
xviii.photo,available,66,4%,5,Mathematics,,,
according.photo,available,66,3%,9,"Business,Education,Technology",,,
xvi.photo,available,66,4%,3,Mathematics,,,
exonerated.photo,available,66,2%,10,"Humanities,Law,Politics",,,
thirty.photo,available,66,7%,6,Mathematics,,,
fifty.photo,available,66,13%,5,Mathematics,,,
acervate.photo,available,66,1%,8,Science,,,
century.photo,available,66,17%,7,Education,,,
acappella.photo,available,66,6%,10,Entertainment,,,
adorned.photo,available,66,5%,7,"Entertainment,Fashion,Retail",,,
xxv.photo,available,66,6%,3,Mathematics,,,
latest.photo,available,66,18%,6,Technology,,,
teenager.photo,available,66,4%,8,"Education,Entertainment,Healthcare",,,
four.photo,available,66,27%,4,Mathematics,,,
adopted.photo,available,66,4%,7,"Education,Healthcare",,,
adagio.photo,available,64,14%,6,Entertainment,,,
absolved.photo,available,64,1%,8,"Humanities,Law,Religion",,,
scatty.photo,available,64,1%,6,"Arts,Entertainment,Media",,,
astringent.photo,available,64,1%,10,"Healthcare,Pharmaceuticals",,,
aflame.photo,available,64,3%,6,Entertainment,,,
deviant.photo,available,64,12%,7,"Medicine,Science",,,
ccc.photo,available,64,38%,3,Mathematics,,,
rising.photo,available,64,18%,6,"Construction,Manufacturing,Real Estate",,,
acentric.photo,available,64,2%,8,Science,,,
nondrinker.photo,available,64,1%,10,"Health and Fitness,Religion",,,
accordant.photo,available,64,3%,9,"Arts,Entertainment",,,
admissible.photo,available,62,1%,10,"Education,Healthcare,Law",,,
fortyfour.photo,available,62,6%,10,Mathematics,,,
adjuvant.photo,available,62,5%,8,"Healthcare,Manufacturing,Technology",,,
wrapped.photo,available,62,13%,7,"Fashion,Hospitality,Retail",,,
troika.photo,available,62,8%,6,Politics,,,
eighteenth.photo,available,62,1%,10,Mathematics,,,
chiliad.photo,available,62,2%,7,Mathematics,,,
cumulative.photo,available,62,2%,10,"Banking,Finance,Insurance",,,
activistic.photo,available,62,1%,10,"Humanities,Politics",,,
acidic.photo,available,62,5%,6,"Food and Beverage,Science",,,
accrued.photo,available,62,2%,7,"Banking,Finance,Insurance",,,
activation.photo,available,62,16%,10,"Healthcare,Manufacturing,Technology",,,
orso.photo,available,62,9%,5,"Business,Media,Technology",,,
quartet.photo,available,62,7%,7,"Arts,Entertainment",,,
longdozen.photo,available,62,1%,10,Mathematics,,,
nail.photo,available,62,16%,4,"Construction,Fashion,General,Retail",,,
pungent.photo,available,62,1%,7,Food and Beverage,,,
accusing.photo,available,62,1%,8,Law,,,
abo.photo,available,62,15%,3,Science,,,
ensuant.photo,available,62,1%,7,"Healthcare,Insurance,Transportation",,,
aborigine.photo,available,62,1%,9,Humanities,,,
adoptive.photo,available,62,1%,8,"Education,Healthcare",,,
aufait.photo,available,62,3%,7,"Fashion,Media",,,
playacting.photo,available,62,1%,10,Entertainment,,,
roughly.photo,available,62,3%,7,"Business,Media,Technology",,,
exculpated.photo,available,62,1%,10,"Humanities,Law,Politics",,,
sixteenth.photo,available,62,1%,9,Mathematics,,,
twodozen.photo,available,62,1%,9,Mathematics,,,
eleventh.photo,available,62,5%,8,Mathematics,,,
idolized.photo,available,60,3%,8,"Entertainment,Fashion,Retail",,,
clxx.photo,available,60,2%,4,Mathematics,,,
clxv.photo,available,60,1%,4,Mathematics,,,
thou.photo,available,60,7%,4,Mathematics,,,
xcl.photo,available,60,5%,3,Mathematics,,,
abstainer.photo,available,60,0%,9,"Health and Fitness,Religion",,,
aboveboard.photo,available,60,5%,10,"Business,Law",,,
cxlv.photo,available,60,2%,4,Mathematics,,,
clxxv.photo,available,60,1%,5,Mathematics,,,
cxx.photo,available,60,9%,3,Mathematics,,,
tertiary.photo,available,60,4%,8,Education,,,
eightysix.photo,available,60,7%,10,Mathematics,,,
cxxxv.photo,available,60,1%,5,Mathematics,,,
adnexal.photo,available,60,1%,7,"Agriculture,Manufacturing,Retail",,,
abashed.photo,available,60,1%,7,Humanities,,,
paunchy.photo,available,60,0%,7,"Health and Fitness,Medicine",,,
idolised.photo,available,60,1%,8,"Entertainment,Fashion,Retail",,,
cxxx.photo,available,60,3%,4,Mathematics,,,
clxxx.photo,available,60,1%,5,Mathematics,,,
octet.photo,available,60,12%,5,Arts,,,
clx.photo,available,60,8%,3,Mathematics,,,
cxxv.photo,available,60,1%,4,Mathematics,,,
acceptive.photo,available,60,1%,9,"Education,Healthcare",,,
cautionary.photo,available,60,1%,10,"Business,Education,Healthcare",,,
adnate.photo,available,60,1%,6,"Agriculture,Manufacturing,Retail",,,
abstemious.photo,available,60,0%,10,"Food and Beverage,Health and Fitness,Hospitality",,,
cxv.photo,available,60,4%,3,Mathematics,,,
annexal.photo,available,60,1%,7,"Agriculture,Manufacturing,Retail",,,
sixty.photo,available,60,13%,5,Mathematics,,,
cxl.photo,available,60,7%,3,Mathematics,,,
tercet.photo,available,59,2%,6,"Arts,Entertainment,Media",,,
fifth.photo,available,58,12%,5,Mathematics,,,
acyclic.photo,available,58,4%,7,"Engineering,Mathematics,Science",,,
sextuplet.photo,available,58,1%,9,Healthcare,,,
abused.photo,available,58,5%,6,"Healthcare,Law",,,
twelfth.photo,available,58,2%,7,Mathematics,,,
ache.photo,available,58,7%,4,Healthcare,,,
cypher.photo,available,58,28%,6,Mathematics,,,
octad.photo,available,58,5%,5,Mathematics,,,
enwrapped.photo,available,58,0%,9,"Entertainment,Fashion,Media",,,
seven.photo,available,58,35%,5,Mathematics,,,
tetrad.photo,available,58,5%,6,Mathematics,,,
addressed.photo,available,58,3%,9,"Business,Technology,Telecommunications",,,
eighter.photo,available,58,2%,7,Mathematics,,,
aucourant.photo,available,58,3%,10,"Fashion,Media",,,
accented.photo,available,58,3%,8,"Arts,Entertainment",,,
actuarial.photo,available,58,8%,9,"Finance,Insurance,Mathematics",,,
heptad.photo,available,58,2%,6,Mathematics,,,
centesimal.photo,available,58,1%,10,Mathematics,,,
abuzz.photo,available,58,5%,5,"Entertainment,Media,Technology",,,
abridged.photo,available,58,4%,8,Media,,,
quintet.photo,available,58,8%,7,"Arts,Entertainment",,,
addible.photo,available,58,2%,7,"Engineering,Mathematics,Science",,,
adhoc.photo,available,58,24%,6,"Business,Engineering,Technology",,,
closeto.photo,available,58,3%,8,"Business,Media,Technology",,,
niner.photo,available,58,5%,5,Mathematics,,,
sixer.photo,available,58,5%,5,Sports,,,
acetic.photo,available,58,1%,6,"Food and Beverage,Science",,,
sixtyone.photo,available,58,5%,9,Mathematics,,,
adient.photo,available,58,4%,6,"Medicine,Science",,,
accretive.photo,available,58,6%,9,"Banking,Finance,Insurance",,,
linear.photo,available,58,22%,6,"Engineering,Mathematics,Science",,,
lxxviii.photo,available,58,1%,7,Mathematics,,,
alacarte.photo,available,58,11%,10,Food and Beverage,,,
seventy.photo,available,58,7%,7,Mathematics,,,
offhanded.photo,available,58,1%,9,Entertainment,,,
lxxx.photo,available,58,2%,4,Mathematics,,,
fourscore.photo,available,58,4%,9,Mathematics,,,
hexad.photo,available,58,5%,5,Mathematics,,,
adjustive.photo,available,58,1%,9,"Manufacturing,Retail,Technology",,,
pentad.photo,available,58,3%,6,Mathematics,,,
accoutred.photo,available,58,1%,9,"Fashion,Manufacturing,Retail",,,
xxxiii.photo,available,56,2%,6,Mathematics,,,
liii.photo,available,56,4%,4,Mathematics,,,
maledict.photo,available,56,1%,8,Religion,,,
ilx.photo,available,56,6%,3,Mathematics,,,
thirtytwo.photo,available,56,4%,10,Mathematics,,,
potbellied.photo,available,56,0%,10,"Health and Fitness,Medicine",,,
terzetto.photo,available,56,3%,8,Arts,,,
lii.photo,available,56,7%,3,Mathematics,,,
appressed.photo,available,56,0%,9,"Agriculture,Manufacturing,Retail",,,
admissive.photo,available,56,1%,9,"Education,Healthcare,Hospitality",,,
xxxvi.photo,available,56,1%,5,Mathematics,,,
fiftysix.photo,available,56,4%,9,Mathematics,,,
lvi.photo,available,56,8%,3,Mathematics,,,
xxxviii.photo,available,56,1%,7,Mathematics,,,
fiftyfive.photo,available,56,8%,10,Mathematics,,,
xlvi.photo,available,56,3%,4,Mathematics,,,
xliii.photo,available,56,1%,5,Mathematics,,,
xxix.photo,available,56,4%,4,Mathematics,,,
xxiv.photo,available,56,5%,4,Mathematics,,,
xxxi.photo,available,56,8%,4,Mathematics,,,
fiftynine.photo,available,56,4%,10,Mathematics,,,
fortynine.photo,available,56,3%,10,Mathematics,,,
xlviii.photo,available,56,1%,6,Mathematics,,,
accoutered.photo,available,56,0%,10,"Fashion,Manufacturing,Retail",,,
lviii.photo,available,56,1%,5,Mathematics,,,
xxxii.photo,available,56,1%,5,Mathematics,,,
xlii.photo,available,56,5%,4,Mathematics,,,
lvii.photo,available,56,2%,4,Mathematics,,,
fortyone.photo,available,56,5%,9,Mathematics,,,
admittable.photo,available,56,1%,10,"Education,Healthcare,Hospitality",,,
halfdozen.photo,available,56,1%,10,Mathematics,,,
xxxvii.photo,available,56,2%,6,Mathematics,,,
abdominous.photo,available,56,0%,10,"Health and Fitness,Medicine",,,
fiftytwo.photo,available,56,6%,9,Mathematics,,,
xlvii.photo,available,56,2%,5,Mathematics,,,
xxxiv.photo,available,56,1%,5,Mathematics,,,
xliv.photo,available,56,3%,4,Mathematics,,,
abeyant.photo,available,56,1%,7,"Business,Law",,,
xxiii.photo,available,56,4%,5,Mathematics,,,
xlv.photo,available,56,6%,3,Mathematics,,,
thirtyone.photo,available,56,4%,10,Mathematics,,,
fortysix.photo,sold,56,4%,9,Mathematics,03/07/2017 12:20,03/07/2026 12:20,Key-Systems LLC
admittible.photo,available,56,1%,10,"Education,Healthcare,Hospitality",,,
addled.photo,available,56,2%,6,Entertainment,,,
fortytwo.photo,available,56,17%,9,Mathematics,,,
xxxv.photo,available,56,4%,4,Mathematics,,,
xli.photo,available,56,5%,3,Mathematics,,,
aone.photo,available,56,15%,5,Food and Beverage,,,
fiftyfour.photo,available,56,4%,10,Mathematics,,,
xxvii.photo,available,56,3%,5,Mathematics,,,
xxviii.photo,available,56,1%,6,Mathematics,,,
triad.photo,available,56,15%,5,Arts,,,
aboral.photo,available,54,2%,6,Science,,,
sise.photo,available,54,5%,4,Mathematics,,,
abaxial.photo,available,54,1%,7,Science,,,
abient.photo,available,54,1%,6,Science,,,
deuceace.photo,available,54,1%,9,Sports,,,
vii.photo,available,54,13%,3,Mathematics,,,
scratchy.photo,available,54,3%,8,Fashion,,,
abatic.photo,available,54,1%,6,Science,,,
threescore.photo,available,54,2%,10,Mathematics,,,
abatable.photo,available,54,1%,8,Law,,,
twoscore.photo,available,54,2%,8,Mathematics,,,
quaternity.photo,available,54,4%,10,Mathematics,,,
fin.photo,available,54,30%,3,Finance,,,
adducent.photo,available,54,1%,8,"Engineering,Mathematics,Science",,,
unnatural.photo,available,54,4%,9,"Medicine,Science",,,
quaternion.photo,available,54,6%,10,Mathematics,,,
ternion.photo,available,54,3%,7,Mathematics,,,
fortyfive.photo,available,54,5%,10,Mathematics,,,
adpressed.photo,available,54,0%,9,"Agriculture,Manufacturing,Retail",,,
quatern.photo,available,54,2%,7,Mathematics,,,
achromatic.photo,available,54,4%,10,Science,,,
accentual.photo,available,54,3%,9,"Arts,Entertainment",,,
abhorrent.photo,available,54,1%,9,Humanities,,,
abasic.photo,available,54,1%,6,Science,,,
iii.photo,available,54,24%,3,Mathematics,,,
adaxial.photo,available,54,2%,7,Science,,,
achy.photo,available,54,3%,4,Healthcare,,,
accursed.photo,available,54,3%,8,"Entertainment,Media,Religion",,,
adductive.photo,available,54,0%,9,"Engineering,Mathematics,Science",,,
abducens.photo,available,54,1%,8,Medicine,,,
acoustical.photo,available,54,4%,10,Science,,,
topnotch.photo,available,54,18%,8,Business,,,
viii.photo,available,54,6%,4,Mathematics,,,
quadruplet.photo,available,54,1%,10,"Healthcare,Medicine,Science",,,
monitory.photo,available,54,3%,8,"Business,Education,Healthcare",,,
adjuratory.photo,available,54,0%,10,"Law,Politics,Religion",,,
quintuplet.photo,available,54,1%,10,"Healthcare,Medicine,Science",,,
deserted.photo,available,54,3%,8,"Hospitality,Real Estate",,,
actuated.photo,available,54,2%,8,"Automotive,Manufacturing,Technology",,,
admonitory.photo,available,54,0%,10,"Business,Education,Healthcare",,,
adducting.photo,available,54,1%,9,"Engineering,Mathematics,Science",,,
sestet.photo,available,53,1%,6,Arts,,,
xxx.photo,expiring,53,30%,3,"Arts,Entertainment,Media",17/09/2022 02:29,17/09/2025 02:29,"NameCheap, Inc."
septet.photo,available,53,1%,6,General,,,
decumbent.photo,available,52,1%,9,"Healthcare,Medicine,Science",,,
ninetytwo.photo,available,52,4%,10,Mathematics,,,
abominable.photo,available,52,2%,10,"Entertainment,Humanities",,,
lxvii.photo,available,52,1%,5,Mathematics,,,
lxxi.photo,available,52,2%,4,Mathematics,,,
lxxiv.photo,available,52,1%,5,Mathematics,,,
lxxxiii.photo,available,52,1%,7,Mathematics,,,
adenoidal.photo,available,52,1%,9,"Health and Fitness,Medicine,Science",,,
lxi.photo,available,52,5%,3,Mathematics,,,
repulsive.photo,available,52,1%,9,Humanities,,,
xci.photo,available,52,4%,3,Mathematics,,,
xcv.photo,available,52,7%,3,Mathematics,,,
lxii.photo,available,52,2%,4,Mathematics,,,
detestable.photo,available,52,1%,10,Humanities,,,
xciii.photo,available,52,1%,5,Mathematics,,,
ninetyone.photo,available,52,5%,10,Mathematics,,,
ixc.photo,available,52,5%,3,Mathematics,,,
lxxvi.photo,available,52,1%,5,Mathematics,,,
lxiii.photo,available,52,2%,5,Mathematics,,,
sixtysix.photo,available,52,5%,9,Mathematics,,,
ablated.photo,available,52,1%,7,Science,,,
tierce.photo,available,52,3%,6,General,,,
aboulic.photo,available,52,1%,7,Medicine,,,
lxxxvii.photo,available,52,1%,7,Mathematics,,,
xcvii.photo,available,52,1%,5,Mathematics,,,
lxxxi.photo,available,52,1%,5,Mathematics,,,
lxiv.photo,available,52,3%,4,Mathematics,,,
abysmal.photo,available,52,4%,7,"Arts,Entertainment,Media",,,
lxxxvi.photo,available,52,1%,6,Mathematics,,,
lxxv.photo,available,52,2%,4,Mathematics,,,
lxxiii.photo,available,52,2%,6,Mathematics,,,
eightytwo.photo,available,52,4%,10,Mathematics,,,
ixl.photo,available,52,9%,3,Mathematics,,,
xcii.photo,available,52,2%,4,Mathematics,,,
lxv.photo,available,52,5%,3,Mathematics,,,
odious.photo,available,52,2%,6,"Entertainment,Humanities",,,
xciv.photo,available,52,2%,4,Mathematics,,,
abstruse.photo,available,52,5%,8,"Humanities,Mathematics,Science",,,
abusive.photo,available,52,3%,7,"Healthcare,Law",,,
lxviii.photo,available,52,2%,6,Mathematics,,,
chagrined.photo,available,52,1%,9,Humanities,,,
repugnant.photo,available,52,1%,9,Humanities,,,
sixtytwo.photo,available,52,3%,9,Mathematics,,,
sixtyfive.photo,available,52,3%,10,Mathematics,,,
xcvi.photo,available,52,2%,4,Mathematics,,,
lxxvii.photo,available,52,2%,6,Mathematics,,,
eightyone.photo,available,52,3%,10,Mathematics,,,
lxxxii.photo,available,52,1%,6,Mathematics,,,
littlejoe.photo,available,52,2%,10,"Entertainment,Media",,,
lxxxiv.photo,available,52,1%,6,Mathematics,,,
lxxxv.photo,available,52,1%,5,Mathematics,,,
uphill.photo,available,52,7%,6,"Sports,Transportation,Travel",,,
lxvi.photo,available,52,3%,4,Mathematics,,,
lxxii.photo,available,52,1%,5,Mathematics,,,
sixtyfour.photo,available,52,4%,10,Mathematics,,,
ninetysix.photo,available,52,4%,10,Mathematics,,,
xcviii.photo,available,52,1%,6,Mathematics,,,
adactylous.photo,available,50,0%,10,Science,,,
broached.photo,available,50,0%,8,Food and Beverage,,,
ogdoad.photo,available,50,1%,6,Mathematics,,,
acetose.photo,available,50,1%,7,Science,,,
adhominem.photo,available,50,2%,10,"Humanities,Law,Politics",,,
acerose.photo,available,50,1%,7,Science,,,
triplet.photo,available,50,8%,7,Science,,,
acaudal.photo,available,50,1%,7,"Agriculture,Science",,,
abbatial.photo,available,50,0%,8,Religion,,,
quint.photo,available,50,13%,5,"Arts,Entertainment",,,
abactinal.photo,available,50,0%,9,Science,,,
abdicable.photo,available,50,0%,9,Law,,,
aculeated.photo,available,50,0%,9,"Engineering,Medicine,Science",,,
acetous.photo,available,50,1%,7,Science,,,
acapnotic.photo,available,50,0%,9,"Healthcare,Medicine,Science",,,
scummy.photo,available,50,1%,6,Humanities,,,
gillless.photo,available,50,0%,9,Science,,,
acquitted.photo,available,50,1%,9,Law,,,
acapnic.photo,available,50,0%,7,"Healthcare,Medicine,Science",,,
lxx.photo,available,50,5%,3,Mathematics,,,
cinque.photo,available,50,7%,6,Mathematics,,,
spinous.photo,available,50,1%,7,"Agriculture,Science",,,
acerb.photo,available,50,2%,5,Science,,,
vinegary.photo,available,50,1%,8,Food and Beverage,,,
abducting.photo,available,50,0%,9,Medicine,,,
acerbic.photo,available,50,2%,7,"Arts,Humanities,Media",,,
abranchial.photo,available,50,0%,10,Science,,,
trine.photo,available,50,11%,5,"General,Religion",,,
aborticide.photo,available,50,0%,10,Medicine,,,
acellular.photo,available,50,1%,9,Science,,,
needlelike.photo,available,50,0%,10,"Engineering,Medicine,Science",,,
abomasal.photo,available,50,0%,8,Agriculture,,,
ilxx.photo,available,48,1%,4,Mathematics,,,
notguilty.photo,available,48,5%,10,Law,,,
abyssal.photo,available,48,12%,7,"Arts,Entertainment,Media",,,
lxxxviii.photo,available,48,1%,8,Mathematics,,,
abstracted.photo,available,48,5%,10,"Arts,Humanities,Science",,,
ilxxx.photo,available,48,1%,5,Mathematics,,,
execrable.photo,available,48,0%,9,"Entertainment,Humanities",,,
acetonic.photo,available,46,1%,8,Science,,,
acaudate.photo,available,46,1%,8,"Agriculture,Science",,,
acephalous.photo,available,46,1%,10,Science,,,
acanthotic.photo,available,46,0%,10,"Agriculture,Science",,,
quaternary.photo,available,46,3%,10,Mathematics,,,
acetabular.photo,available,46,1%,10,Science,,,
stripling.photo,available,46,2%,9,"Education,Entertainment,Healthcare",,,
acanthoid.photo,available,46,1%,9,"Agriculture,Science",,,
achromic.photo,available,46,2%,8,Science,,,
stemless.photo,available,46,2%,8,"Agriculture,Science",,,
acetylenic.photo,available,46,1%,10,Science,,,
acarpous.photo,available,46,0%,8,"Agriculture,Science",,,
achromous.photo,available,46,1%,9,Science,,,
acetylic.photo,available,46,1%,8,Science,,,
acanthous.photo,available,46,0%,9,"Agriculture,Science",,,
acheronian.photo,available,46,1%,10,Humanities,,,
cotyloid.photo,available,46,1%,8,Science,,,
vinegarish.photo,available,46,1%,10,Food and Beverage,,,
acicular.photo,available,46,2%,8,Science,,,
achenial.photo,available,46,1%,8,Science,,,
theabsurd.photo,available,46,1%,10,"Arts,Entertainment,Media",,,
acarpelous.photo,available,46,0%,10,"Agriculture,Science",,,
acapnial.photo,available,46,0%,8,"Healthcare,Medicine,Science",,,
acherontic.photo,available,44,1%,10,Humanities,,,
cotyloidal.photo,available,44,1%,10,Science,,,
accusatory.photo,available,44,1%,10,Law,,,
abscessed.photo,available,41,0%,9,Healthcare,,,
phoebe.photo,available,41,14%,6,Science,,,
accurst.photo,available,40,1%,7,Religion,,,
accusive.photo,available,40,1%,8,Law,,,
scurrilous.photo,available,40,1%,10,"Entertainment,Media,Politics",,,